RegionID,RegionName,State,Metro,CountyName,SizeRank,% increase over 1996 to 2016
3379,Alta,CA,Sacramento,Placer,10360,209.4%
3491,Avalon,CA,Los Angeles-Long Beach-Anaheim,Los Angeles,6653,#DIV/0!
3493,Avenal,CA,Hanford,Kings,3600,#DIV/0!
3506,Bakersfield,CA,Bakersfield,Kern,57,215.0%
3719,Blythe,CA,Riverside,Riverside,1999,178.3%
3893,Burbank,CA,San Jose,Santa Clara,5257,389.5%
3929,Calistoga,CA,Napa,Napa,4569,#DIV/0!
3963,Canyon Lake,CA,Riverside,Riverside,3308,259.0%
3975,Carlsbad,CA,San Diego,San Diego,300,331.5%
3980,Carpinteria,CA,Santa Maria-Santa Barbara,Santa Barbara,2601,326.4%
4148,Coalinga,CA,Fresno,Fresno,2017,181.3%
4281,Cupertino,CA,San Jose,Santa Clara,754,448.1%
4406,Downey,CA,Los Angeles-Long Beach-Anaheim,Los Angeles,249,292.1%
4582,Emeryville,CA,San Francisco,Alameda,3775,348.7%
4632,Exeter,CA,Visalia,Tulare,2478,208.9%
4650,Fair Oaks,CA,Sacramento,Sacramento,1037,259.8%
4757,Forestville,CA,Santa Rosa,Sonoma,6718,293.6%
4793,Fowler,CA,Fresno,Fresno,4701,224.6%
4905,Glen Ellen,CA,Santa Rosa,Sonoma,6660,471.5%
4931,Goleta,CA,Santa Maria-Santa Barbara,Santa Barbara,1596,319.8%
5130,Herald,CA,Sacramento,Sacramento,7344,287.4%
5147,Hidden Valley Lake,CA,Clearlake,Lake,6463,204.2%
5265,Imperial Beach,CA,San Diego,San Diego,1595,343.7%
5319,Janesville,CA,Susanville,Lassen,8033,177.6%
5427,King City,CA,Salinas,Monterey,3860,185.0%
5433,Kings Beach,CA,Sacramento,Placer,7096,#DIV/0!
5465,La Mirada,CA,Los Angeles-Long Beach-Anaheim,Los Angeles,905,312.6%
5482,Lake Arrowhead,CA,Riverside,San Bernardino,6269,242.8%
5534,Lancaster,CA,Los Angeles-Long Beach-Anaheim,Los Angeles,134,239.9%
5693,Loomis,CA,Sacramento,Placer,3171,#DIV/0!
5994,Mira Loma,CA,Riverside,Riverside,1930,320.3%
6021,Monterey Park,CA,Los Angeles-Long Beach-Anaheim,Los Angeles,722,328.8%
6043,Morgan Hill,CA,San Jose,Santa Clara,1389,278.7%
6103,Murrieta,CA,Riverside,Riverside,265,237.6%
6112,Napa,CA,Napa,Napa,341,334.9%
6285,Oceanside,CA,San Diego,San Diego,114,335.3%
6395,Paramount,CA,Los Angeles-Long Beach-Anaheim,Los Angeles,840,289.6%
6485,Phelan,CA,Riverside,San Bernardino,2305,253.0%
6495,Piedmont,CA,San Francisco,Alameda,3370,387.5%
6809,Rocklin,CA,Sacramento,Placer,706,264.3%
6814,Rodeo,CA,San Francisco,Contra Costa,4250,308.5%
6819,Rohnert Park,CA,Santa Rosa,Sonoma,1342,286.7%
6822,Rolling Hills,CA,Los Angeles-Long Beach-Anaheim,Los Angeles,8629,265.1%
6840,Ross,CA,San Francisco,Marin,10437,#DIV/0!
6916,San Carlos,CA,San Francisco,San Mateo,1376,462.7%
6919,San Jacinto,CA,Riverside,Riverside,1015,234.6%
6922,San Juan Bautista,CA,San Jose,San Benito,6735,#DIV/0!
6923,San Luis Obispo,CA,San Luis Obispo,San Luis Obispo,666,378.4%
6943,Santee,CA,San Diego,San Diego,765,299.5%
7026,Shafter,CA,Bakersfield,Kern,2187,230.5%
7035,Shaver Lake,CA,Fresno,Fresno,10097,265.6%
7266,Stockton,CA,Stockton,San Joaquin,64,225.8%
7304,Barstow,CA,Riverside,San Bernardino,1274,167.5%
7332,Susanville,CA,Susanville,Lassen,2070,#DIV/0!
7386,Temecula,CA,Riverside,Riverside,257,262.7%
7453,Tracy,CA,Stockton,San Joaquin,263,240.3%
7484,Tulare,CA,Visalia,Tulare,517,193.7%
7518,Ukiah,CA,Ukiah,Mendocino,1518,#DIV/0!
7662,Valley Center,CA,San Diego,San Diego,2067,255.9%
7666,Valley Springs,CA,,Calaveras,3720,#DIV/0!
7777,Waterford,CA,Modesto,Stanislaus,4239,224.7%
7784,Watsonville,CA,Santa Cruz,Santa Cruz,451,264.7%
7809,Weed,CA,,Siskiyou,6221,181.4%
7981,Winters,CA,Sacramento,Yolo,4170,256.8%
8113,Cazadero,CA,Santa Rosa,Sonoma,10312,#DIV/0!
8383,Berry Creek,CA,Chico,Butte,10416,#DIV/0!
8384,Fountain Valley,CA,Los Angeles-Long Beach-Anaheim,Orange,781,326.8%
8572,Hughson,CA,Modesto,Stanislaus,3015,268.9%
8621,Green Valley Lake,CA,Riverside,San Bernardino,10093,220.2%
8646,Inverness,CA,San Francisco,Marin,10620,#DIV/0!
8935,Parlier,CA,Fresno,Fresno,2812,197.9%
8996,Newcastle,CA,Sacramento,Placer,5789,#DIV/0!
9014,McCloud,CA,,Siskiyou,10565,#DIV/0!
9020,Nipomo,CA,San Luis Obispo,San Luis Obispo,2210,308.8%
9058,Mentone,CA,Riverside,San Bernardino,4518,251.6%
9208,Salida,CA,Modesto,Stanislaus,4245,230.2%
9255,San Pablo,CA,San Francisco,Contra Costa,825,307.4%
9355,Winton,CA,Merced,Merced,2971,200.4%
9403,Thousand Palms,CA,Riverside,Riverside,4308,251.9%
9553,Mendota,CA,Fresno,Fresno,4799,194.2%
9735,Los Molinos,CA,Red Bluff,Tehama,8608,#DIV/0!
9840,Agoura Hills,CA,Los Angeles-Long Beach-Anaheim,Los Angeles,1966,308.1%
9940,Palo Cedro,CA,Redding,Shasta,8113,240.3%
10128,Anderson,CA,Redding,Shasta,2587,219.2%
10157,Arcata,CA,Eureka,Humboldt,2262,#DIV/0!
10241,Baldwin Park,CA,Los Angeles-Long Beach-Anaheim,Los Angeles,518,303.4%
10343,Belmont,CA,San Francisco,San Mateo,1670,445.3%
10348,Belvedere,CA,San Francisco,Marin,8049,#DIV/0!
10389,Beverly Hills,CA,Los Angeles-Long Beach-Anaheim,Los Angeles,1227,368.7%
10479,Bodega Bay,CA,Santa Rosa,Sonoma,10327,#DIV/0!
10608,Buena Park,CA,Los Angeles-Long Beach-Anaheim,Orange,412,316.5%
10662,Calexico,CA,El Centro,Imperial,1286,#DIV/0!
10665,Calimesa,CA,Riverside,Riverside,3309,285.2%
10723,Carson,CA,Los Angeles-Long Beach-Anaheim,Los Angeles,479,303.4%
10725,Caruthers,CA,Fresno,Fresno,5073,206.4%
10734,Castaic,CA,Los Angeles-Long Beach-Anaheim,Los Angeles,2993,251.8%
10772,Ceres,CA,Modesto,Stanislaus,1297,237.5%
10774,Cerritos,CA,Los Angeles-Long Beach-Anaheim,Los Angeles,975,326.6%
10815,Chino Hills,CA,Riverside,San Bernardino,595,310.8%
10848,Clayton,CA,San Francisco,Contra Costa,3861,292.1%
10850,Clearlake,CA,Clearlake,Lake,5001,171.1%
10902,Colfax,CA,Sacramento,Placer,6614,241.6%
10939,Cool,CA,Sacramento,El Dorado,6572,205.5%
10951,Corning,CA,Red Bluff,Tehama,3596,233.7%
10961,Corte Madera,CA,San Francisco,Marin,4071,#DIV/0!
11180,Durham,CA,Chico,Butte,8604,#DIV/0!
11228,East Palo Alto,CA,San Francisco,San Mateo,1598,421.3%
11274,El Centro,CA,El Centro,Imperial,883,190.2%
11337,Escondido,CA,San Diego,San Diego,190,304.2%
11400,Fallbrook,CA,San Diego,San Diego,1003,276.2%
11462,Folsom,CA,Sacramento,Sacramento,514,263.2%
11477,Forest Ranch,CA,Chico,Butte,9328,#DIV/0!
11535,Freedom,CA,Santa Cruz,Santa Cruz,5234,244.5%
11540,Fremont,CA,San Francisco,Alameda,93,417.7%
11595,Geyserville,CA,Santa Rosa,Sonoma,10174,#DIV/0!
11604,Gilroy,CA,San Jose,Santa Clara,694,279.8%
11626,Glendora,CA,Los Angeles-Long Beach-Anaheim,Los Angeles,814,310.8%
11677,Granite Bay,CA,Sacramento,Placer,2169,243.5%
11685,Grass Valley,CA,Truckee,Nevada,1066,234.7%
11745,Grover Beach,CA,San Luis Obispo,San Luis Obispo,2972,324.2%
11865,Hemet,CA,Riverside,Riverside,243,245.0%
12035,Imperial,CA,El Centro,Imperial,3740,186.7%
12257,Lagunitas,CA,San Francisco,Marin,9280,289.5%
12292,Lakewood,CA,Los Angeles-Long Beach-Anaheim,Los Angeles,453,326.1%
12410,Live Oak,CA,Yuba City,Sutter,5520,214.9%
12418,Lockeford,CA,Stockton,San Joaquin,7197,208.3%
12423,Loma Linda,CA,Riverside,San Bernardino,1964,278.7%
12447,Los Angeles,CA,Los Angeles-Long Beach-Anaheim,Los Angeles,2,377.5%
12520,Malibu,CA,Los Angeles-Long Beach-Anaheim,Los Angeles,3001,390.2%
12592,Martinez,CA,San Francisco,Contra Costa,957,296.3%
12654,McKinleyville,CA,Eureka,Humboldt,2474,277.7%
12710,Middletown,CA,Clearlake,Lake,8943,#DIV/0!
12773,Mission Viejo,CA,Los Angeles-Long Beach-Anaheim,Orange,342,#DIV/0!
12804,Monte Rio,CA,Santa Rosa,Sonoma,9779,281.6%
13070,Oakhurst,CA,Madera,Madera,7303,200.8%
13072,Oakland,CA,San Francisco,Alameda,39,434.3%
13082,Occidental,CA,Santa Rosa,Sonoma,9249,#DIV/0!
13091,Ojai,CA,Ventura,Ventura,2172,301.6%
13108,Ontario,CA,Riverside,San Bernardino,144,312.9%
13114,Orange Cove,CA,Fresno,Fresno,3893,163.2%
13127,Oroville,CA,Chico,Butte,901,233.7%
13150,Oxnard,CA,Ventura,Ventura,105,274.6%
13232,Pearblossom,CA,Los Angeles-Long Beach-Anaheim,Los Angeles,8124,271.1%
13256,Perris,CA,Riverside,Riverside,316,261.3%
13318,Pixley,CA,Visalia,Tulare,5924,215.7%
13355,Pollock Pines,CA,Sacramento,El Dorado,4998,225.3%
13436,Rancho Santa Fe,CA,San Diego,San Diego,7555,#DIV/0!
13594,Roseville,CA,Sacramento,Placer,274,250.6%
13691,San Bruno,CA,San Francisco,San Mateo,1130,373.2%
13693,San Clemente,CA,Los Angeles-Long Beach-Anaheim,Orange,697,336.9%
13695,San Joaquin,CA,Fresno,Fresno,6083,186.7%
13698,San Leandro,CA,San Francisco,Alameda,318,336.3%
13699,San Mateo,CA,San Francisco,San Mateo,313,391.0%
13712,Santa Barbara,CA,Santa Maria-Santa Barbara,Santa Barbara,428,374.4%
13713,Santa Clara,CA,San Jose,Santa Clara,238,429.2%
13715,Santa Cruz,CA,Santa Cruz,Santa Cruz,343,370.6%
13716,Santa Fe Springs,CA,Los Angeles-Long Beach-Anaheim,Los Angeles,2674,296.6%
13929,South San Francisco,CA,San Francisco,San Mateo,716,372.4%
13977,Squaw Valley,CA,Fresno,Fresno,9470,176.0%
14111,Temple City,CA,Los Angeles-Long Beach-Anaheim,Los Angeles,1460,385.1%
14185,Trinidad,CA,Eureka,Humboldt,9135,#DIV/0!
14542,West Covina,CA,Los Angeles-Long Beach-Anaheim,Los Angeles,299,316.4%
14634,Whittier,CA,Los Angeles-Long Beach-Anaheim,Los Angeles,467,308.5%
14803,Cottonwood,CA,Red Bluff,Tehama,3815,#DIV/0!
15237,La Palma,CA,Los Angeles-Long Beach-Anaheim,Orange,2839,#DIV/0!
15294,Escalon,CA,Stockton,San Joaquin,3165,236.7%
15554,Rancho Santa Margarita,CA,Los Angeles-Long Beach-Anaheim,Orange,1013,#DIV/0!
15874,Mokelumne Hill,CA,,Calaveras,9753,242.4%
15893,Wheatland,CA,Yuba City,Yuba,6031,239.9%
16066,Volcano,CA,,Amador,10417,220.5%
16363,Shingletown,CA,Redding,Shasta,7945,211.1%
16583,Portola Valley,CA,San Francisco,San Mateo,6133,#DIV/0!
16677,Acton,CA,Los Angeles-Long Beach-Anaheim,Los Angeles,5894,210.6%
16697,Alameda,CA,San Francisco,Alameda,599,395.9%
16760,American Canyon,CA,Napa,Napa,2249,236.1%
16764,Anaheim,CA,Los Angeles-Long Beach-Anaheim,Orange,49,331.2%
16780,Antioch,CA,San Francisco,Contra Costa,345,243.2%
16803,Armona,CA,Hanford,Kings,10340,178.3%
16961,Bell Gardens,CA,Los Angeles-Long Beach-Anaheim,Los Angeles,991,#DIV/0!
16992,Berkeley,CA,San Francisco,Alameda,242,406.9%
17114,Bonsall,CA,San Diego,San Diego,7161,283.0%
17124,Borrego Springs,CA,San Diego,San Diego,9848,168.5%
17128,Boulder Creek,CA,Santa Cruz,Santa Cruz,4230,#DIV/0!
17150,Brea,CA,Los Angeles-Long Beach-Anaheim,Orange,1035,318.4%
17155,Brentwood,CA,San Francisco,Contra Costa,698,237.7%
17174,Broadmoor Village,CA,San Francisco,San Mateo,6365,360.0%
17235,Burlingame,CA,San Francisco,San Mateo,1441,454.5%
17264,Cambria,CA,San Luis Obispo,San Luis Obispo,5960,#DIV/0!
17272,Campbell,CA,San Jose,Santa Clara,971,419.4%
17310,Carmichael,CA,Sacramento,Sacramento,739,241.6%
17442,Chowchilla,CA,Madera,Madera,1886,195.3%
17587,Coronado,CA,San Diego,San Diego,2054,#DIV/0!
17597,Coto de Caza,CA,Los Angeles-Long Beach-Anaheim,Orange,2824,#DIV/0!
17686,Dana Point,CA,Los Angeles-Long Beach-Anaheim,Orange,1597,366.0%
17788,Dixon,CA,Vallejo,Solano,2002,266.4%
17882,East Los Angeles,CA,Los Angeles-Long Beach-Anaheim,Los Angeles,221,290.4%
17931,El Dorado Hills,CA,Sacramento,El Dorado,1365,250.8%
17950,Elk Grove,CA,Sacramento,Sacramento,159,229.3%
18053,Fairfield,CA,Vallejo,Solano,311,265.4%
18098,Fillmore,CA,Ventura,Ventura,2531,248.4%
18173,Fortuna,CA,Eureka,Humboldt,3345,263.6%
18203,Fresno,CA,Fresno,Fresno,30,218.0%
18319,Gonzales,CA,Salinas,Monterey,6548,234.3%
18453,Hanford,CA,Hanford,Kings,577,186.3%
18518,Hayward,CA,San Francisco,Alameda,139,336.5%
18609,Holtville,CA,El Centro,Imperial,4309,#DIV/0!
18874,La Habra,CA,Los Angeles-Long Beach-Anaheim,Orange,647,309.8%
18875,La Habra Heights,CA,Los Angeles-Long Beach-Anaheim,Los Angeles,5460,269.7%
18883,La Quinta,CA,Riverside,Riverside,1230,214.6%
18914,Lake Isabella,CA,Bakersfield,Kern,5885,188.3%
19033,Lindsay,CA,Visalia,Tulare,2364,207.8%
19059,Livingston,CA,Merced,Merced,3193,239.5%
19078,Lompoc,CA,Santa Maria-Santa Barbara,Santa Barbara,719,228.2%
19100,Los Gatos,CA,San Jose,Santa Clara,1259,416.6%
19177,Manhattan Beach,CA,Los Angeles-Long Beach-Anaheim,Los Angeles,1265,506.9%
19202,Maricopa,CA,Ventura,Ventura,9979,#DIV/0!
19230,Marysville,CA,Yuba City,Yuba,1547,235.2%
19379,Mill Valley,CA,San Francisco,Marin,1565,#DIV/0!
19430,Montague,CA,,Siskiyou,7408,#DIV/0!
19434,Monterey,CA,Salinas,Monterey,1535,278.6%
19462,Morada,CA,Stockton,San Joaquin,8114,238.1%
19716,Oakdale,CA,Modesto,Stanislaus,1396,229.1%
19728,Oakley,CA,San Francisco,Contra Costa,1206,251.8%
19811,Pacifica,CA,San Francisco,San Mateo,1196,357.9%
20008,Pomona,CA,Los Angeles-Long Beach-Anaheim,Los Angeles,171,312.0%
20044,Poway,CA,San Diego,San Diego,828,310.2%
20128,Redwood City,CA,San Francisco,San Mateo,438,446.1%
20172,Ridgecrest,CA,Bakersfield,Kern,1387,224.5%
20265,Rubidoux,CA,Riverside,Riverside,1184,327.5%
20288,Sacramento,CA,Sacramento,Sacramento,31,271.5%
20328,San Bernardino,CA,Riverside,San Bernardino,81,304.6%
20330,San Francisco,CA,San Francisco,San Francisco,11,420.6%
20337,San Ramon,CA,San Francisco,Contra Costa,522,311.5%
20544,Solana Beach,CA,San Diego,San Diego,3388,#DIV/0!
21114,Visalia,CA,Visalia,Tulare,184,185.0%
21307,Williams,CA,,Colusa,6741,#DIV/0!
21395,Wrightwood,CA,Riverside,San Bernardino,9256,#DIV/0!
21412,Yorba Linda,CA,Los Angeles-Long Beach-Anaheim,Orange,641,300.8%
21417,Yucaipa,CA,Riverside,San Bernardino,812,246.1%
21778,Hawaiian Gardens,CA,Los Angeles-Long Beach-Anaheim,Los Angeles,2857,312.9%
21991,Lakeside,CA,San Diego,San Diego,1021,287.9%
22081,Firebaugh,CA,Fresno,Fresno,3331,182.1%
22736,Woodbridge,CA,Stockton,San Joaquin,10156,219.3%
22827,Rowland Heights,CA,Los Angeles-Long Beach-Anaheim,Los Angeles,1039,340.3%
22833,Running Springs,CA,Riverside,San Bernardino,9373,246.6%
23504,Aptos,CA,Santa Cruz,Santa Cruz,1758,323.4%
23523,Arroyo Grande,CA,San Luis Obispo,San Luis Obispo,1568,355.3%
23635,Beaumont,CA,Riverside,Riverside,1099,281.4%
23717,Bishop,CA,,Inyo,3014,#DIV/0!
23775,Boron,CA,Bakersfield,Kern,7083,#DIV/0!
23931,Campo,CA,San Diego,San Diego,10651,#DIV/0!
24174,Compton,CA,Los Angeles-Long Beach-Anaheim,Los Angeles,212,289.6%
24214,Copperopolis,CA,,Calaveras,8285,256.7%
24225,Corona,CA,Riverside,Riverside,82,281.6%
24245,Covina,CA,Los Angeles-Long Beach-Anaheim,Los Angeles,489,303.6%
24349,Delano,CA,Bakersfield,Kern,741,249.2%
24373,Descanso,CA,San Diego,San Diego,9041,243.8%
24384,Diamond Bar,CA,Los Angeles-Long Beach-Anaheim,Los Angeles,956,340.7%
24435,Duarte,CA,Los Angeles-Long Beach-Anaheim,Los Angeles,2188,318.6%
24608,Esparto,CA,Sacramento,Yolo,7362,#DIV/0!
24620,Etna,CA,,Siskiyou,9872,#DIV/0!
24660,Fairfax,CA,San Francisco,Marin,4496,286.2%
24741,Fontana,CA,Riverside,San Bernardino,87,307.5%
24797,Frazier Park,CA,Bakersfield,Kern,6730,204.3%
24812,Fullerton,CA,Los Angeles-Long Beach-Anaheim,Orange,199,329.7%
24831,Galt,CA,Sacramento,Sacramento,1718,230.3%
24832,Garden Grove,CA,Los Angeles-Long Beach-Anaheim,Orange,150,346.5%
24969,Gridley,CA,Chico,Butte,3982,235.0%
25078,Healdsburg,CA,Santa Rosa,Sonoma,2589,421.3%
25218,Huntington Beach,CA,Los Angeles-Long Beach-Anaheim,Orange,123,338.6%
25246,Indian Wells,CA,Riverside,Riverside,4614,206.0%
25341,Julian,CA,San Diego,San Diego,8110,221.9%
25385,Kernville,CA,Bakersfield,Kern,10277,215.5%
25411,Kingsburg,CA,Fresno,Fresno,2428,224.5%
25455,Lafayette,CA,San Francisco,Contra Costa,1955,368.5%
25458,Laguna Hills,CA,Los Angeles-Long Beach-Anaheim,Orange,1492,#DIV/0!
25459,Laguna Niguel,CA,Los Angeles-Long Beach-Anaheim,Orange,639,#DIV/0!
25499,Landers,CA,Riverside,San Bernardino,7855,161.8%
25512,Larkspur,CA,San Francisco,Marin,5014,#DIV/0!
25547,Lemon Grove,CA,San Diego,San Diego,1712,324.8%
25652,Los Osos,CA,San Luis Obispo,San Luis Obispo,2944,319.0%
25710,Magalia,CA,Chico,Butte,4083,183.9%
25855,Merced,CA,Merced,Merced,314,201.1%
25934,Modesto,CA,Modesto,Stanislaus,69,231.3%
25953,Montebello,CA,Los Angeles-Long Beach-Anaheim,Los Angeles,752,306.8%
25974,Moorpark,CA,Ventura,Ventura,1405,273.5%
25981,Moreno Valley,CA,Riverside,Riverside,128,277.8%
26126,Newberry Springs,CA,Riverside,San Bernardino,9175,217.2%
26260,Oceano,CA,San Luis Obispo,San Luis Obispo,4766,312.0%
26310,Orangevale,CA,Sacramento,Sacramento,1525,264.8%
26374,Palo Alto,CA,San Jose,Santa Clara,584,568.4%
26469,Petaluma,CA,Santa Rosa,Sonoma,526,293.1%
26483,Pico Rivera,CA,Los Angeles-Long Beach-Anaheim,Los Angeles,602,285.0%
26526,Pismo Beach,CA,San Luis Obispo,San Luis Obispo,5713,#DIV/0!
26531,Placentia,CA,Los Angeles-Long Beach-Anaheim,Orange,821,319.6%
26567,Point Reyes Station,CA,San Francisco,Marin,8383,330.9%
26659,Quincy,CA,,Plumas,5254,#DIV/0!
26679,Rancho Cordova,CA,Sacramento,Sacramento,727,258.2%
26751,Richmond,CA,San Francisco,Contra Costa,418,330.7%
26767,Rio Linda,CA,Sacramento,Sacramento,2970,256.3%
26964,Santa Monica,CA,Los Angeles-Long Beach-Anaheim,Los Angeles,367,470.1%
26965,Santa Paula,CA,Ventura,Ventura,1331,246.9%
26967,Santa Rosa,CA,Santa Rosa,Sonoma,107,294.5%
26968,Santa Ynez,CA,Santa Maria-Santa Barbara,Santa Barbara,5545,323.2%
27011,Seaside,CA,Salinas,Monterey,1607,303.6%
27057,Shasta Lake,CA,Redding,Shasta,3848,220.3%
27103,Signal Hill,CA,Los Angeles-Long Beach-Anaheim,Los Angeles,3607,332.3%
27110,Simi Valley,CA,Ventura,Ventura,226,287.6%
27183,South Pasadena,CA,Los Angeles-Long Beach-Anaheim,Los Angeles,1707,455.2%
27244,Stanford,CA,San Jose,Santa Clara,3005,415.0%
27491,Tustin,CA,Los Angeles-Long Beach-Anaheim,Orange,462,323.5%
27512,Upland,CA,Riverside,San Bernardino,472,308.2%
27683,Victorville,CA,Riverside,San Bernardino,254,226.9%
27960,Willits,CA,Ukiah,Mendocino,3344,#DIV/0!
28063,Yucca Valley,CA,Riverside,San Bernardino,1898,231.5%
28136,Bloomington,CA,Riverside,San Bernardino,2020,324.1%
28143,Cayucos,CA,San Luis Obispo,San Luis Obispo,8737,#DIV/0!
28219,Denair,CA,Modesto,Stanislaus,4575,261.7%
28224,Auberry,CA,Fresno,Fresno,9487,210.1%
28324,Cloverdale,CA,Santa Rosa,Sonoma,3821,287.8%
28431,Kelseyville,CA,Clearlake,Lake,4002,215.0%
28458,Keyes,CA,Modesto,Stanislaus,9484,220.7%
28485,Highland,CA,Riverside,San Bernardino,889,284.4%
28512,Hilmar,CA,Merced,Merced,5201,257.5%
28730,Guerneville,CA,Santa Rosa,Sonoma,6464,298.7%
28774,Half Moon Bay,CA,San Francisco,San Mateo,3009,312.5%
29059,Penn Valley,CA,Truckee,Nevada,4439,206.6%
29124,Mendocino,CA,Ukiah,Mendocino,8050,#DIV/0!
29143,Lincoln,CA,Sacramento,Placer,921,284.7%
29158,Planada,CA,Merced,Merced,9741,180.6%
29189,Littlerock,CA,Los Angeles-Long Beach-Anaheim,Los Angeles,3459,264.6%
29320,Strathmore,CA,Visalia,Tulare,4895,190.4%
29343,Santa Ysabel,CA,San Diego,San Diego,10453,249.9%
29400,Tahoe Vista,CA,Sacramento,Placer,8935,273.9%
29536,Sloughhouse,CA,Sacramento,Sacramento,5083,237.0%
29712,Hermosa Beach,CA,Los Angeles-Long Beach-Anaheim,Los Angeles,2251,431.4%
29737,Norco,CA,Riverside,Riverside,1551,291.2%
30025,Marina,CA,Salinas,Monterey,2120,264.8%
30105,Kerman,CA,Fresno,Fresno,2398,232.8%
30145,Alamo,CA,San Francisco,Contra Costa,2452,313.2%
30187,Altadena,CA,Los Angeles-Long Beach-Anaheim,Los Angeles,1167,375.2%
30267,Artesia,CA,Los Angeles-Long Beach-Anaheim,Los Angeles,2467,328.5%
30280,Atherton,CA,San Francisco,San Mateo,4560,#DIV/0!
30306,Avila Beach,CA,San Luis Obispo,San Luis Obispo,10511,382.0%
30399,Bell,CA,Los Angeles-Long Beach-Anaheim,Los Angeles,1237,264.9%
30417,Ben Lomond,CA,Santa Cruz,Santa Cruz,5626,#DIV/0!
30459,Big Bear City,CA,Riverside,San Bernardino,3466,265.0%
30526,Bonita,CA,San Diego,San Diego,2630,278.3%
30642,Buellton,CA,Santa Maria-Santa Barbara,Santa Barbara,5664,332.6%
30663,Burney,CA,Redding,Shasta,7821,#DIV/0!
30748,Capitola,CA,Santa Cruz,Santa Cruz,4284,386.3%
30785,Castro Valley,CA,San Francisco,Alameda,917,351.7%
30788,Cathedral City,CA,Riverside,Riverside,871,291.1%
30908,Claremont,CA,Los Angeles-Long Beach-Anaheim,Los Angeles,1586,307.2%
31134,Cudahy,CA,Los Angeles-Long Beach-Anaheim,Los Angeles,1947,262.4%
31163,Daly City,CA,San Francisco,San Mateo,315,351.2%
31233,Discovery Bay,CA,San Francisco,Contra Costa,4668,228.6%
31623,Foster City,CA,San Francisco,San Mateo,1353,422.4%
31854,Greenfield,CA,Salinas,Monterey,2426,200.2%
31888,Guadalupe,CA,Santa Maria-Santa Barbara,Santa Barbara,4697,#DIV/0!
31994,Heber,CA,El Centro,Imperial,4722,181.1%
32133,Idyllwild,CA,Riverside,Riverside,10203,#DIV/0!
32380,Lake Forest,CA,Los Angeles-Long Beach-Anaheim,Orange,520,#DIV/0!
32510,Linden,CA,Stockton,San Joaquin,7075,221.3%
32540,Livermore,CA,San Francisco,Alameda,378,334.7%
32578,Los Altos Hills,CA,San Jose,Santa Clara,4373,330.7%
32616,Lynwood,CA,Los Angeles-Long Beach-Anaheim,Los Angeles,578,271.9%
32629,Madera,CA,Madera,Madera,312,204.6%
32753,Maywood,CA,Los Angeles-Long Beach-Anaheim,Los Angeles,1705,287.6%
32910,Mojave,CA,Bakersfield,Kern,5511,176.6%
32923,Monrovia,CA,Los Angeles-Long Beach-Anaheim,Los Angeles,1008,359.3%
32927,Montclair,CA,Riverside,San Bernardino,1181,316.1%
32942,Moraga,CA,San Francisco,Contra Costa,3360,319.6%
32988,Mount Shasta,CA,,Siskiyou,6725,#DIV/0!
32999,Mountain View,CA,San Jose,Santa Clara,482,485.7%
33252,Orange,CA,Los Angeles-Long Beach-Anaheim,Orange,208,342.9%
33300,Pacific Grove,CA,Salinas,Monterey,2738,290.9%
33306,Palm Desert,CA,Riverside,Riverside,929,194.6%
33311,Palos Verdes Estates,CA,Los Angeles-Long Beach-Anaheim,Los Angeles,4052,326.7%
33312,Palos Verdes Peninsula,CA,Los Angeles-Long Beach-Anaheim,Los Angeles,9546,298.7%
33612,Redondo Beach,CA,Los Angeles-Long Beach-Anaheim,Los Angeles,552,344.7%
33645,Rialto,CA,Riverside,San Bernardino,354,324.7%
33679,Riverdale,CA,Fresno,Fresno,4351,180.8%
33727,Rolling Hills Estates,CA,Los Angeles-Long Beach-Anaheim,Los Angeles,8142,297.1%
33836,San Dimas,CA,Los Angeles-Long Beach-Anaheim,Los Angeles,1411,317.3%
33837,San Gabriel,CA,Los Angeles-Long Beach-Anaheim,Los Angeles,671,356.0%
33839,San Jose,CA,San Jose,Santa Clara,9,366.5%
33840,San Juan Capistrano,CA,Los Angeles-Long Beach-Anaheim,Orange,1244,310.4%
33846,San Martin,CA,San Jose,Santa Clara,5209,296.0%
33847,San Miguel,CA,San Luis Obispo,San Luis Obispo,5450,226.3%
33874,Saratoga,CA,San Jose,Santa Clara,1397,385.2%
33910,Sebastopol,CA,Santa Rosa,Sonoma,1632,361.2%
33935,Selma,CA,Fresno,Fresno,1366,204.1%
34030,Solvang,CA,Santa Maria-Santa Barbara,Santa Barbara,4640,291.2%
34037,Somis,CA,Ventura,Ventura,7353,287.5%
34197,Sutter Creek,CA,,Amador,10281,#DIV/0!
34252,Terra Bella,CA,Visalia,Tulare,5219,#DIV/0!
34278,Thousand Oaks,CA,Ventura,Ventura,471,287.0%
34285,Tiburon,CA,San Francisco,Marin,3721,#DIV/0!
34295,Tipton,CA,Visalia,Tulare,7936,211.0%
34520,Vallejo,CA,Vallejo,Solano,236,270.1%
34543,Ventura,CA,Ventura,Ventura,264,305.7%
34636,Walnut,CA,Los Angeles-Long Beach-Anaheim,Los Angeles,1475,330.9%
34637,Walnut Creek,CA,San Francisco,Contra Costa,464,335.6%
34757,West Point,CA,,Calaveras,9345,242.7%
34780,Westminster,CA,Los Angeles-Long Beach-Anaheim,Orange,486,357.4%
34907,Woodside,CA,San Francisco,San Mateo,3886,410.0%
34940,Yuba City,CA,Yuba City,Sutter,553,213.2%
35059,Coulterville,CA,,Mariposa,9731,#DIV/0!
35591,Lathrop,CA,Stockton,San Joaquin,2457,233.5%
35618,Ione,CA,,Amador,10110,230.4%
35623,Diamond Springs,CA,Sacramento,El Dorado,6509,221.8%
35629,Fawnskin,CA,Riverside,San Bernardino,10479,286.5%
35723,Joshua Tree,CA,Riverside,San Bernardino,3945,253.9%
35927,Patterson,CA,Modesto,Stanislaus,1780,212.8%
36036,Ripon,CA,Stockton,San Joaquin,3903,246.4%
36078,Pinon Hills,CA,Riverside,San Bernardino,7565,236.1%
36187,Prather,CA,Fresno,Fresno,10677,192.8%
36288,Windsor,CA,Santa Rosa,Sonoma,1678,284.8%
36324,Tahoma,CA,Sacramento,El Dorado,10678,#DIV/0!
36355,Woodlake,CA,Visalia,Tulare,3836,209.5%
36395,Three Rivers,CA,Visalia,Tulare,9180,#DIV/0!
36412,Wasco,CA,Bakersfield,Kern,1613,224.6%
36429,Tollhouse,CA,Fresno,Fresno,8555,170.8%
36502,South El Monte,CA,Los Angeles-Long Beach-Anaheim,Los Angeles,2088,308.9%
36958,Pinole,CA,San Francisco,Contra Costa,2856,283.9%
37015,Azusa,CA,Los Angeles-Long Beach-Anaheim,Los Angeles,735,296.5%
37073,Albany,CA,San Francisco,Alameda,2207,398.5%
37086,Aliso Viejo,CA,Los Angeles-Long Beach-Anaheim,Orange,918,#DIV/0!
37206,Atascadero,CA,San Luis Obispo,San Luis Obispo,1393,281.4%
37688,Calabasas,CA,Los Angeles-Long Beach-Anaheim,Los Angeles,2734,280.9%
37863,Chico,CA,Chico,Butte,267,239.6%
37971,Colton,CA,Riverside,San Bernardino,743,305.7%
38032,Costa Mesa,CA,Los Angeles-Long Beach-Anaheim,Orange,259,347.3%
38070,Crestline,CA,Riverside,San Bernardino,4772,248.6%
38134,Danville,CA,San Francisco,Contra Costa,893,319.6%
38169,Del Rey Oaks,CA,Salinas,Monterey,8474,266.3%
38333,El Cajon,CA,San Diego,San Diego,156,286.8%
38491,Farmersville,CA,Visalia,Tulare,4545,194.9%
38563,Foresthill,CA,Sacramento,Placer,7489,239.1%
38965,Hercules,CA,San Francisco,Contra Costa,2455,278.1%
38980,Hidden Hills,CA,Los Angeles-Long Beach-Anaheim,Los Angeles,9246,261.4%
39076,Huntington Park,CA,Los Angeles-Long Beach-Anaheim,Los Angeles,528,254.6%
39082,Huron,CA,Fresno,Fresno,5072,197.5%
39132,Jackson,CA,,Amador,6404,#DIV/0!
39222,Kensington,CA,San Francisco,Contra Costa,5275,#DIV/0!
39301,La Honda,CA,San Francisco,San Mateo,10014,#DIV/0!
39306,La Puente,CA,Los Angeles-Long Beach-Anaheim,Los Angeles,1045,304.0%
39308,La Verne,CA,Los Angeles-Long Beach-Anaheim,Los Angeles,1784,318.1%
39483,Lodi,CA,Stockton,San Joaquin,570,232.8%
39511,Los Altos,CA,San Jose,Santa Clara,1458,454.2%
39704,Mc Farland,CA,Bakersfield,Kern,2952,224.8%
39748,Menlo Park,CA,San Francisco,San Mateo,1067,467.5%
39798,Milpitas,CA,San Jose,Santa Clara,585,382.8%
39840,Monte Sereno,CA,San Jose,Santa Clara,6987,388.6%
39843,Montecito,CA,Santa Maria-Santa Barbara,Santa Barbara,5410,#DIV/0!
39870,Morongo Valley,CA,Riverside,San Bernardino,5813,235.2%
39879,Morro Bay,CA,San Luis Obispo,San Luis Obispo,3964,#DIV/0!
40081,North Tustin,CA,Los Angeles-Long Beach-Anaheim,Orange,1963,314.3%
40110,Oak View,CA,Ventura,Ventura,6190,296.6%
40227,Palmdale,CA,Los Angeles-Long Beach-Anaheim,Los Angeles,157,249.3%
40242,Paradise,CA,Chico,Butte,1817,224.7%
40355,Pittsburg,CA,San Francisco,Contra Costa,499,286.4%
40414,Porterville,CA,Visalia,Tulare,513,200.9%
40492,Rancho Cucamonga,CA,Riverside,San Bernardino,147,300.7%
40493,Rancho Mirage,CA,Riverside,Riverside,2534,202.3%
40516,Red Bluff,CA,Red Bluff,Tehama,1750,212.7%
40524,Redlands,CA,Riverside,San Bernardino,502,296.4%
40576,Rio Vista,CA,Vallejo,Solano,6771,238.8%
40633,Rosamond,CA,Bakersfield,Kern,2145,217.4%
40731,San Andreas,CA,,Calaveras,8011,#DIV/0!
40737,San Marcos,CA,San Diego,San Diego,560,298.5%
40754,Sanger,CA,Fresno,Fresno,1275,192.7%
40964,Soquel,CA,Santa Cruz,Santa Cruz,4832,300.5%
40979,South Lake Tahoe,CA,Sacramento,El Dorado,1465,301.5%
41025,Spring Valley,CA,San Diego,San Diego,564,292.1%
41200,Templeton,CA,San Luis Obispo,San Luis Obispo,5057,315.3%
41317,Twentynine Palms,CA,Riverside,San Bernardino,2555,#DIV/0!
41333,Union City,CA,San Francisco,Alameda,586,360.6%
41446,Vacaville,CA,Vallejo,Solano,301,269.1%
41517,Vista,CA,San Diego,San Diego,262,308.6%
41665,West Sacramento,CA,Sacramento,Yolo,848,279.5%
41673,Westlake Village,CA,Ventura,Ventura,2329,276.1%
41854,Carmel,CA,Salinas,Monterey,3225,311.4%
41987,Brisbane,CA,San Francisco,San Mateo,5829,320.5%
42091,Bell Canyon,CA,Ventura,Ventura,9857,#DIV/0!
42150,Hawthorne,CA,Los Angeles-Long Beach-Anaheim,Los Angeles,419,338.9%
42528,Montara,CA,San Francisco,San Mateo,10245,311.8%
42569,Orinda,CA,San Francisco,Contra Costa,3113,363.1%
42819,North Fork,CA,Madera,Madera,7514,#DIV/0!
42967,Stanton,CA,Los Angeles-Long Beach-Anaheim,Orange,1633,330.4%
43102,Taft,CA,Bakersfield,Kern,2358,201.9%
43354,Ramona,CA,San Diego,San Diego,1120,271.1%
43361,Redwood Valley,CA,Ukiah,Mendocino,5436,276.8%
43627,El Dorado,CA,Sacramento,El Dorado,7781,265.2%
43832,Aguanga,CA,Riverside,Riverside,9870,202.4%
43867,Alpine,CA,San Diego,San Diego,3192,257.5%
43915,Applegate,CA,Sacramento,Placer,9928,241.0%
43944,Aromas,CA,Salinas,Monterey,6989,273.8%
44048,Bass Lake,CA,Madera,Madera,10180,#DIV/0!
44116,Bellflower,CA,Los Angeles-Long Beach-Anaheim,Los Angeles,484,297.5%
44131,Benicia,CA,Vallejo,Solano,1936,304.0%
44161,Big Bear Lake,CA,Riverside,San Bernardino,7419,270.8%
44406,California City,CA,Bakersfield,Kern,3301,159.5%
44583,Chino,CA,Riverside,San Bernardino,422,306.8%
44655,Clovis,CA,Fresno,Fresno,271,216.2%
44661,Coarsegold,CA,Madera,Madera,3579,199.2%
44769,Cotati,CA,Santa Rosa,Sonoma,3513,296.5%
44833,Cypress,CA,Los Angeles-Long Beach-Anaheim,Orange,1019,326.5%
45164,Encinitas,CA,San Diego,San Diego,675,375.3%
45191,Eureka,CA,Eureka,Humboldt,1050,246.8%
45398,Gardena,CA,Los Angeles-Long Beach-Anaheim,Los Angeles,680,310.3%
45457,Glendale,CA,Los Angeles-Long Beach-Anaheim,Los Angeles,118,363.5%
45510,Grand Terrace,CA,Riverside,San Bernardino,3315,262.4%
45602,Hacienda Heights,CA,Los Angeles-Long Beach-Anaheim,Los Angeles,817,315.1%
45732,Hesperia,CA,Riverside,San Bernardino,293,270.6%
45878,Indio,CA,Riverside,Riverside,355,235.2%
45888,Inglewood,CA,Los Angeles-Long Beach-Anaheim,Los Angeles,207,287.1%
45919,Jamul,CA,San Diego,San Diego,6853,253.6%
46018,Kenwood,CA,Santa Rosa,Sonoma,9641,418.6%
46080,La Canada Flintridge,CA,Los Angeles-Long Beach-Anaheim,Los Angeles,2125,387.4%
46089,La Mesa,CA,San Diego,San Diego,527,327.1%
46098,Laguna Woods,CA,Los Angeles-Long Beach-Anaheim,Orange,2515,371.2%
46178,Lawndale,CA,Los Angeles-Long Beach-Anaheim,Los Angeles,1378,330.4%
46218,Lemoore,CA,Hanford,Kings,1279,194.2%
46298,Long Beach,CA,Los Angeles-Long Beach-Anaheim,Los Angeles,33,351.9%
46314,Los Alamitos,CA,Los Angeles-Long Beach-Anaheim,Orange,2267,312.2%
46477,Meadow Vista,CA,Sacramento,Placer,6424,271.7%
46500,Menifee,CA,Riverside,Riverside,914,230.8%
46697,Nevada City,CA,Truckee,Nevada,3455,252.9%
46887,Olivehurst,CA,Yuba City,Yuba,1608,239.6%
46965,Palm Springs,CA,Riverside,Riverside,1000,374.8%
47019,Pasadena,CA,Los Angeles-Long Beach-Anaheim,Los Angeles,195,356.8%
47021,Paso Robles,CA,San Luis Obispo,San Luis Obispo,1228,272.2%
47144,Placerville,CA,Sacramento,El Dorado,1697,248.2%
47164,Pleasanton,CA,San Francisco,Alameda,542,348.6%
47198,Port Hueneme,CA,Ventura,Ventura,2279,266.6%
47322,Redding,CA,Redding,Shasta,276,222.1%
47401,Riverside,CA,Riverside,Riverside,54,318.0%
47510,Saint Helena,CA,Napa,Napa,4567,#DIV/0!
47544,San Anselmo,CA,San Francisco,Marin,2548,318.8%
47547,San Fernando,CA,Los Angeles-Long Beach-Anaheim,Los Angeles,1761,349.3%
47550,San Lorenzo,CA,San Francisco,Alameda,1472,335.2%
47568,Santa Ana,CA,Los Angeles-Long Beach-Anaheim,Orange,50,326.2%
47570,Santa Maria,CA,Santa Maria-Santa Barbara,Santa Barbara,206,265.9%
47583,Sausalito,CA,San Francisco,Marin,3833,336.3%
47677,Shingle Springs,CA,Sacramento,El Dorado,1478,241.1%
47695,Sierra Madre,CA,Los Angeles-Long Beach-Anaheim,Los Angeles,3419,373.1%
47746,Sonoma,CA,Santa Rosa,Sonoma,1145,315.7%
47762,South Gate,CA,Los Angeles-Long Beach-Anaheim,Los Angeles,320,276.0%
47812,Springville,CA,Visalia,Tulare,8165,128.0%
47889,Suisun City,CA,Vallejo,Solano,1862,252.8%
48047,Truckee,CA,Truckee,Nevada,2335,307.9%
48103,Upper Lake,CA,Clearlake,Lake,10225,#DIV/0!
48424,West Hollywood,CA,Los Angeles-Long Beach-Anaheim,Los Angeles,1246,496.1%
48569,Woodland,CA,Sacramento,Yolo,710,248.1%
48710,Arnold,CA,,Calaveras,9232,212.0%
49133,Homewood,CA,Sacramento,Placer,10373,#DIV/0!
49139,Elverta,CA,Sacramento,Sacramento,5148,323.2%
49205,Lamont,CA,Bakersfield,Kern,3264,171.2%
49259,Dinuba,CA,Visalia,Tulare,1432,178.3%
49269,Ferndale,CA,Eureka,Humboldt,9409,164.5%
49278,Gualala,CA,Ukiah,Mendocino,8815,#DIV/0!
49384,Earlimart,CA,Visalia,Tulare,6780,190.6%
49611,Newark,CA,San Francisco,Alameda,989,379.7%
49649,Rio Dell,CA,Eureka,Humboldt,7589,#DIV/0!
49694,Pioneer,CA,,Amador,7152,194.1%
50350,Camino,CA,Sacramento,El Dorado,9646,256.0%
50415,Cedar Glen,CA,Riverside,San Bernardino,9580,272.4%
50453,Orosi,CA,Visalia,Tulare,3275,190.1%
50616,Coachella,CA,Riverside,Riverside,1224,275.2%
50677,Alhambra,CA,Los Angeles-Long Beach-Anaheim,Los Angeles,430,349.8%
50742,Apple Valley,CA,Riverside,San Bernardino,549,235.9%
50749,Arcadia,CA,Los Angeles-Long Beach-Anaheim,Los Angeles,640,390.8%
50774,Arvin,CA,Bakersfield,Kern,2167,214.5%
50797,Atwater,CA,Merced,Merced,1311,227.1%
50800,Auburn,CA,Sacramento,Placer,1022,245.7%
50849,Banning,CA,Riverside,Riverside,1408,273.9%
51000,Biggs,CA,Chico,Butte,8915,#DIV/0!
51239,Camarillo,CA,Ventura,Ventura,524,287.4%
51274,Carmel Valley,CA,Salinas,Monterey,6399,315.3%
51277,Carnelian Bay,CA,Sacramento,Placer,10173,332.0%
51405,Chula Vista,CA,San Diego,San Diego,83,273.4%
51414,Citrus Heights,CA,Sacramento,Sacramento,411,252.7%
51518,Concord,CA,San Francisco,Contra Costa,227,321.9%
51617,Culver City,CA,Los Angeles-Long Beach-Anaheim,Los Angeles,1213,442.8%
51659,Davis,CA,Sacramento,Yolo,723,330.3%
51701,Desert Hot Springs,CA,Riverside,Riverside,974,243.4%
51751,Dublin,CA,San Francisco,Alameda,1185,382.3%
51858,El Cerrito,CA,San Francisco,Contra Costa,1775,377.6%
51861,El Monte,CA,Los Angeles-Long Beach-Anaheim,Los Angeles,277,319.6%
51863,El Sobrante,CA,San Francisco,Contra Costa,2190,308.2%
52061,Fort Bragg,CA,Ukiah,Mendocino,3444,#DIV/0!
52481,Helendale,CA,Riverside,San Bernardino,6022,199.8%
52547,Hollister,CA,San Jose,San Benito,861,#DIV/0!
52650,Irvine,CA,Los Angeles-Long Beach-Anaheim,Orange,102,317.0%
52658,Ivanhoe,CA,Visalia,Tulare,7172,177.8%
52752,Kentfield,CA,San Francisco,Marin,4817,#DIV/0!
52835,Ladera Ranch,CA,Los Angeles-Long Beach-Anaheim,Orange,1778,#DIV/0!
52842,Laguna Beach,CA,Los Angeles-Long Beach-Anaheim,Orange,2096,563.2%
52852,Lake Elsinore,CA,Riverside,Riverside,717,260.4%
52871,Lakeport,CA,Clearlake,Lake,3823,216.3%
53027,Lomita,CA,Los Angeles-Long Beach-Anaheim,Los Angeles,2113,340.5%
53148,Manteca,CA,Stockton,San Joaquin,474,243.9%
53327,Millbrae,CA,San Francisco,San Mateo,1950,405.1%
53424,Moss Beach,CA,San Francisco,San Mateo,8065,316.4%
53467,Murphys,CA,,Calaveras,8735,224.0%
53487,National City,CA,San Diego,San Diego,690,334.3%
53571,Newport Beach,CA,Los Angeles-Long Beach-Anaheim,Orange,686,419.6%
53636,Norwalk,CA,Los Angeles-Long Beach-Anaheim,Los Angeles,275,294.7%
53643,Novato,CA,San Francisco,Marin,682,282.6%
53646,Nuevo,CA,Riverside,Riverside,4503,268.4%
53655,Oak Park,CA,Ventura,Ventura,2816,271.0%
53925,Pleasant Hill,CA,San Francisco,Contra Costa,1249,340.4%
54053,Rancho Palos Verdes,CA,Los Angeles-Long Beach-Anaheim,Los Angeles,1350,295.6%
54158,Riverbank,CA,Modesto,Stanislaus,2943,226.7%
54212,Rosemead,CA,Los Angeles-Long Beach-Anaheim,Los Angeles,633,340.7%
54223,Rough and Ready,CA,Truckee,Nevada,8125,266.9%
54288,Salinas,CA,Salinas,Monterey,126,233.8%
54296,San Diego,CA,San Diego,San Diego,7,335.5%
54299,San Marino,CA,Los Angeles-Long Beach-Anaheim,Los Angeles,3435,424.5%
54301,San Rafael,CA,San Francisco,Marin,583,300.9%
54311,Santa Clarita,CA,Los Angeles-Long Beach-Anaheim,Los Angeles,170,274.8%
54345,Scotts Valley,CA,Santa Cruz,Santa Cruz,3189,326.3%
54352,Seal Beach,CA,Los Angeles-Long Beach-Anaheim,Orange,1788,312.5%
54626,Sunnyvale,CA,San Jose,Santa Clara,183,468.0%
54666,Tehachapi,CA,Bakersfield,Kern,1287,223.7%
54722,Torrance,CA,Los Angeles-Long Beach-Anaheim,Los Angeles,196,323.5%
54759,Turlock,CA,Modesto,Stanislaus,508,242.3%
54771,Twin Peaks,CA,Riverside,San Bernardino,10710,204.1%
54970,Villa Park,CA,Los Angeles-Long Beach-Anaheim,Orange,5347,#DIV/0!
55226,Wilton,CA,Sacramento,Sacramento,7069,314.1%
55293,Yountville,CA,Napa,Napa,8442,396.2%
55294,Yreka,CA,,Siskiyou,5126,169.1%
55340,Annapolis,CA,Santa Rosa,Sonoma,10537,283.2%
55547,Clearlake Oaks,CA,Clearlake,Lake,8303,179.2%
55743,Hillsborough,CA,San Francisco,San Mateo,3460,#DIV/0!
55753,El Segundo,CA,Los Angeles-Long Beach-Anaheim,Los Angeles,2409,433.8%
55765,Georgetown,CA,Sacramento,El Dorado,9793,219.4%
55932,Inyokern,CA,Bakersfield,Kern,9079,173.7%
56272,Penngrove,CA,Santa Rosa,Sonoma,7297,329.4%
56684,Wofford Heights,CA,Bakersfield,Kern,8048,#DIV/0!
56780,Topanga,CA,Los Angeles-Long Beach-Anaheim,Los Angeles,4549,370.3%
56896,Rescue,CA,Sacramento,El Dorado,5443,235.4%
56922,Los Alamos,CA,Santa Maria-Santa Barbara,Santa Barbara,10567,308.9%
57132,Wildomar,CA,Riverside,Riverside,1455,250.6%
57212,Forest Falls,CA,Riverside,San Bernardino,10721,243.7%
57218,Felton,CA,Santa Cruz,Santa Cruz,6100,344.1%
57277,Reedley,CA,Fresno,Fresno,1345,197.0%
57317,Winchester,CA,Riverside,Riverside,1680,232.2%
113412,Alondra Park,CA,Los Angeles-Long Beach-Anaheim,Los Angeles,4341,336.2%
113441,Alum Rock,CA,San Jose,Santa Clara,2854,346.2%
113576,Avocado Heights,CA,Los Angeles-Long Beach-Anaheim,Los Angeles,3473,319.2%
114651,Del Monte Forest,CA,Salinas,Monterey,6212,#DIV/0!
114822,East Foothills,CA,San Jose,Santa Clara,4080,325.1%
114828,East La Mirada,CA,Los Angeles-Long Beach-Anaheim,Los Angeles,5411,307.7%
114852,Easton,CA,Fresno,Fresno,8060,#DIV/0!
114956,Emerald Lake Hills,CA,San Francisco,San Mateo,6554,347.8%
115107,Florin,CA,Sacramento,Sacramento,1539,257.3%
115282,Glen Avon,CA,Riverside,Riverside,2635,315.9%
115591,Hidden Meadows,CA,San Diego,San Diego,10008,261.3%
115605,Highgrove,CA,Riverside,Riverside,6948,#DIV/0!
115663,Home Gardens,CA,Riverside,Riverside,7611,305.2%
115913,Kennedy,CA,Stockton,San Joaquin,10265,209.5%
116032,La Riviera,CA,Sacramento,Sacramento,3677,256.7%
116042,Ladera Heights,CA,Los Angeles-Long Beach-Anaheim,Los Angeles,5121,295.5%
116192,Lexington Hills,CA,San Jose,Santa Clara,8942,254.5%
116208,Lincoln Village,CA,Stockton,San Joaquin,7106,237.5%
116639,Mission Canyon,CA,Santa Maria-Santa Barbara,Santa Barbara,9350,384.2%
117041,Oildale,CA,Bakersfield,Kern,1847,208.2%
117263,Pedley,CA,Riverside,Riverside,3279,292.8%
117764,Rosedale,CA,Bakersfield,Kern,4851,222.7%
117769,Rosemont,CA,Sacramento,Sacramento,1875,257.5%
118217,South San Jose Hills,CA,Los Angeles-Long Beach-Anaheim,Los Angeles,2500,305.9%
118225,South Whittier,CA,Los Angeles-Long Beach-Anaheim,Los Angeles,800,303.3%
118227,South Yuba City,CA,Yuba City,Sutter,5226,213.4%
118339,Sugarloaf,CA,Riverside,San Bernardino,10206,258.8%
118379,Sunnyslope,CA,Riverside,Riverside,6996,#DIV/0!
118694,Valinda,CA,Los Angeles-Long Beach-Anaheim,Los Angeles,2768,302.9%
118875,West Athens,CA,Los Angeles-Long Beach-Anaheim,Los Angeles,3983,305.5%
118878,West Carson,CA,Los Angeles-Long Beach-Anaheim,Los Angeles,2057,321.2%
118895,West Puente Valley,CA,Los Angeles-Long Beach-Anaheim,Los Angeles,2696,304.4%
118914,Westmont,CA,Los Angeles-Long Beach-Anaheim,Los Angeles,1334,311.4%
118994,Willowbrook,CA,Los Angeles-Long Beach-Anaheim,Los Angeles,2330,300.0%
272578,Commerce,CA,Los Angeles-Long Beach-Anaheim,Los Angeles,2908,265.9%
395645,Mather Air Force Base,CA,Sacramento,Sacramento,5613,207.9%
395646,Pine Grove,CA,,Amador,6920,208.0%
396020,Arden-Arcade,CA,Sacramento,Sacramento,441,259.1%
396053,Florence-Graham,CA,Los Angeles-Long Beach-Anaheim,Los Angeles,684,268.2%
396054,Burbank,CA,Los Angeles-Long Beach-Anaheim,Los Angeles,279,393.3%
396236,Vineyard,CA,Sacramento,Sacramento,1836,267.6%
396541,Highlands-Baywood Park,CA,San Francisco,San Mateo,7998,439.0%
396542,North Fair Oaks,CA,San Francisco,San Mateo,3732,377.7%
396550,View Park-Windsor Hills,CA,Los Angeles-Long Beach-Anaheim,Los Angeles,3434,333.9%
396551,La Crescenta-Montrose,CA,Los Angeles-Long Beach-Anaheim,Los Angeles,2266,372.0%
396554,Cambrian Park,CA,San Jose,Santa Clara,6691,453.2%
396556,West Whittier-Los Nietos,CA,Los Angeles-Long Beach-Anaheim,Los Angeles,2503,298.5%
398839,Angels,CA,,Calaveras,10729,234.3%
737786,The Sea Ranch,CA,Santa Rosa,Sonoma,9203,314.2%
737790,Eastvale,CA,Riverside,Riverside,730,279.1%
